Domain,Status,Attractiveness,Demand,Length,Sectors,Created,Expires,Registrar
one.taxi,expired,132,44%,3,"Business,General,Media,Technology",13/06/2024 15:15,13/06/2025 15:15,"Sav.com, LLC - 30"
brief.taxi,available,124,19%,5,"Business,Education,General,Law",,,
complete.taxi,available,120,21%,8,"Manufacturing,Retail,Technology",,,
second.taxi,available,120,23%,6,"General,Mathematics",,,
wizard.taxi,available,118,42%,6,"Entertainment,Media,Technology",,,
tenth.taxi,available,116,7%,5,Mathematics,,,
flat.taxi,available,116,24%,4,"Construction,Real Estate",,,
tonic.taxi,available,114,22%,5,"Health and Fitness,Medicine,Science",,,
hotshot.taxi,available,112,14%,7,"Business,Entertainment,Sports",,,
zero.taxi,expiring,112,49%,4,Mathematics,19/08/2015 21:15,19/08/2025 21:15,united-domains GmbH
acute.taxi,available,112,9%,5,"Mathematics,Medicine,Science",,,
abstract.taxi,available,108,29%,8,"Arts,Humanities,Science",,,
abiding.taxi,available,106,5%,7,"General,Religion",,,
expert.taxi,available,104,26%,6,"Business,Education,Technology",,,
active.taxi,available,104,27%,6,"Health and Fitness,Sports,Travel",,,
extra.taxi,available,102,26%,5,"Fashion,Retail,Technology",,,
eight.taxi,available,102,23%,5,"General,Mathematics",,,
absent.taxi,available,102,8%,6,"Business,Education,Technology",,,
captive.taxi,available,102,14%,7,"Entertainment,Hospitality,Technology",,,
adjunct.taxi,available,100,5%,7,Education,,,
remove.taxi,available,100,13%,6,"Construction,Manufacturing,Technology",,,
third.taxi,available,100,16%,5,Mathematics,,,
sixth.taxi,available,100,8%,5,Mathematics,,,
whiz.taxi,available,100,12%,4,"Business,Education,Technology",,,
ninth.taxi,available,100,9%,5,Mathematics,,,
abrupt.taxi,available,100,3%,6,"Medicine,Science",,,
eighth.taxi,available,100,6%,6,Mathematics,,,
crack.taxi,available,100,20%,5,Sports,,,
genius.taxi,available,98,46%,6,"Arts,Education,Technology",,,
whizz.taxi,available,98,11%,5,"Business,Education,Technology",,,
actual.taxi,available,96,22%,6,"Real Estate,Retail,Technology",,,
forgiving.taxi,available,96,3%,9,"Healthcare,Religion",,,
alamode.taxi,available,96,12%,9,Fashion,,,
doable.taxi,available,96,9%,6,"Business,Education,Technology",,,
academic.taxi,available,96,20%,8,"Education,Humanities,Science",,,
about.taxi,resell,94,28%,5,"Business,General,Media,Technology",11/03/2025 23:27,11/03/2026 23:27,Dynadot Inc
adequate.taxi,available,94,9%,8,"Education,Healthcare,Technology",,,
around.taxi,available,94,22%,6,"Business,General,Media,Technology",,,
virtuoso.taxi,available,94,16%,8,"Arts,Entertainment",,,
abject.taxi,available,94,7%,6,Humanities,,,
twentieth.taxi,available,92,3%,9,Mathematics,,,
exemplary.taxi,available,92,5%,9,"Business,Education,Healthcare",,,
adjective.taxi,available,92,5%,9,Education,,,
abroad.taxi,available,92,12%,6,"Hospitality,Travel",,,
adept.taxi,available,92,24%,5,"Education,Health and Fitness,Sports",,,
neutral.taxi,available,92,20%,7,"Business,Media,Politics",,,
derelict.taxi,available,92,7%,8,"Construction,Real Estate",,,
nought.taxi,available,92,4%,6,Mathematics,,,
next.taxi,available,92,43%,4,"Retail,Technology,Transportation",,,
abortive.taxi,available,90,1%,8,"Medicine,Science",,,
addictive.taxi,available,90,9%,9,Healthcare,,,
gripping.taxi,available,90,3%,8,"Entertainment,Media,Technology",,,
endearing.taxi,available,90,1%,9,"Entertainment,Fashion,Retail",,,
adoring.taxi,available,90,2%,7,"Entertainment,Fashion,Retail",,,
leash.taxi,available,90,7%,5,"General,Health and Fitness,Retail",,,
riveting.taxi,available,90,6%,8,"Entertainment,Media,Technology",,,
additional.taxi,available,90,8%,10,"Fashion,Retail,Technology",,,
hundred.taxi,available,88,14%,7,Mathematics,,,
ten.taxi,available,88,28%,3,"General,Mathematics",,,
three.taxi,available,88,24%,5,Mathematics,,,
twelve.taxi,available,88,18%,6,"General,Mathematics",,,
actionable.taxi,available,88,13%,10,"Business,Law",,,
activist.taxi,available,88,12%,8,"Humanities,Politics",,,
fifteen.taxi,available,88,13%,7,Mathematics,,,
proficient.taxi,available,88,8%,10,"Education,Health and Fitness,Sports",,,
adlib.taxi,available,88,7%,6,Entertainment,,,
eleven.taxi,available,88,33%,6,Mathematics,,,
sixteen.taxi,available,88,11%,7,Mathematics,,,
star.taxi,resell,86,40%,4,"Entertainment,Media,Sports",18/08/2015 22:59,18/08/2026 22:59,GoDaddy Online Services Cayman Islands Ltd.
xiv.taxi,available,86,12%,3,Mathematics,,,
extempore.taxi,available,86,3%,9,Entertainment,,,
xix.taxi,available,86,11%,3,Mathematics,,,
aboriginal.taxi,available,86,10%,10,Humanities,,,
adolescent.taxi,available,86,3%,10,"Education,Entertainment,Healthcare",,,
recondite.taxi,available,86,4%,9,"Arts,Humanities,Science",,,
cipher.taxi,available,86,29%,6,Mathematics,,,
intent.taxi,available,86,25%,6,"Business,Education,Technology",,,
attendant.taxi,available,86,5%,9,"Healthcare,Hospitality,Transportation",,,
engrossing.taxi,available,86,0%,10,"Entertainment,Media,Technology",,,
fourteen.taxi,available,84,8%,8,Mathematics,,,
twentyone.taxi,available,84,13%,10,Mathematics,,,
thousand.taxi,available,84,8%,8,Mathematics,,,
twentytwo.taxi,available,84,11%,10,Mathematics,,,
grand.taxi,expiring,84,25%,5,"Finance,General",19/08/2024 04:54,19/08/2025 04:54,"URL Solutions, Inc."
thirteen.taxi,available,84,10%,8,Mathematics,,,
acting.taxi,available,84,12%,6,Entertainment,,,
deviate.taxi,available,84,12%,7,"Medicine,Science",,,
seventeen.taxi,available,84,7%,9,Mathematics,,,
nineteen.taxi,available,84,8%,8,Mathematics,,,
adjustable.taxi,available,84,3%,10,"Manufacturing,Retail,Technology",,,
sharp.taxi,available,84,34%,5,"Arts,Fashion",,,
accessory.taxi,available,84,8%,9,"Fashion,Retail,Technology",,,
abkhaz.taxi,available,82,1%,6,Geography,,,
enduring.taxi,available,82,9%,8,"Health and Fitness,Religion",,,
cleansing.taxi,available,82,3%,9,Health and Fitness,,,
impromptu.taxi,available,82,16%,9,Entertainment,,,
absorbent.taxi,available,82,3%,9,"Healthcare,Manufacturing,Retail",,,
altered.taxi,available,82,9%,7,"Medicine,Science",,,
dozen.taxi,available,82,10%,5,Mathematics,,,
abroach.taxi,available,82,1%,7,Food and Beverage,,,
abdominal.taxi,available,82,1%,9,"Health and Fitness,Medicine",,,
decade.taxi,available,82,10%,6,Mathematics,,,
abenaki.taxi,available,82,2%,7,Geography,,,
fivesome.taxi,available,82,1%,8,Sports,,,
worshipful.taxi,available,80,1%,10,"Education,Healthcare,Religion",,,
sequent.taxi,available,80,7%,7,"Healthcare,Insurance,Transportation",,,
capable.taxi,available,80,12%,7,"Business,Education,Technology",,,
yard.taxi,available,80,26%,4,"Construction,General",,,
absurd.taxi,available,80,16%,6,"Arts,Entertainment,Media",,,
nine.taxi,available,80,24%,4,"General,Mathematics",,,
two.taxi,available,80,24%,3,Mathematics,,,
forty.taxi,available,80,9%,5,Mathematics,,,
twenty.taxi,available,80,12%,6,Mathematics,,,
absorbable.taxi,available,80,0%,10,"Healthcare,Pharmaceuticals,Science",,,
trio.taxi,available,80,21%,4,Entertainment,,,
adoptable.taxi,available,80,3%,9,"Education,Healthcare",,,
dorsal.taxi,available,80,6%,6,"Medicine,Science",,,
seventh.taxi,available,80,10%,7,Mathematics,,,
first.taxi,resell,80,36%,5,"General,Mathematics",21/10/2024 20:13,21/10/2025 20:13,"Sav.com, LLC"
superstar.taxi,available,80,18%,9,Entertainment,,,
abundant.taxi,available,80,19%,8,"Agriculture,Manufacturing,Retail",,,
honestly.taxi,available,78,9%,8,"Business,Law",,,
absorptive.taxi,available,78,1%,10,"Healthcare,Manufacturing,Retail",,,
athletic.taxi,available,78,15%,8,"Health and Fitness,Sports",,,
accurate.taxi,available,78,16%,8,"Engineering,Mathematics,Science",,,
adorable.taxi,available,78,8%,8,"Entertainment,Fashion,Retail",,,
acceptant.taxi,available,78,1%,9,"Education,Healthcare",,,
recognised.taxi,available,78,3%,10,"Business,Education,Technology",,,
accessible.taxi,available,78,21%,10,"Healthcare,Retail,Technology",,,
accidental.taxi,available,78,11%,10,"Healthcare,Insurance,Transportation",,,
abkhasian.taxi,available,78,1%,9,Geography,,,
abounding.taxi,available,78,2%,9,Agriculture,,,
dormant.taxi,available,78,4%,7,"Medicine,Science",,,
low.taxi,available,78,20%,3,"Business,Finance",,,
adjacent.taxi,available,78,9%,8,"Construction,Real Estate,Retail",,,
abkhazian.taxi,available,78,1%,9,Geography,,,
accepted.taxi,available,78,6%,8,"Business,Education,Technology",,,
recognized.taxi,available,78,3%,10,"Business,Education,Technology",,,
twentysix.taxi,available,78,8%,10,Mathematics,,,
sixtynine.taxi,available,78,8%,10,Mathematics,,,
acceptable.taxi,available,78,5%,10,"Business,Hospitality,Retail",,,
adrenal.taxi,available,78,4%,7,"Education,Healthcare,Science",,,
fourteenth.taxi,available,76,1%,10,Mathematics,,,
abrasive.taxi,available,76,6%,8,"Construction,Manufacturing",,,
firstrate.taxi,available,76,6%,10,Business,,,
acoustic.taxi,available,76,14%,8,Science,,,
adaptive.taxi,available,76,28%,8,"Business,Education,Technology",,,
ague.taxi,available,76,2%,4,"Geography,Medicine,Science",,,
ancillary.taxi,available,76,6%,9,"Healthcare,Manufacturing,Technology",,,
adhesive.taxi,available,76,7%,8,"Construction,Manufacturing,Technology",,,
improvise.taxi,available,76,4%,9,Entertainment,,,
adherent.taxi,available,76,4%,8,"Politics,Religion",,,
adipose.taxi,available,76,2%,7,"Healthcare,Science",,,
thirteenth.taxi,available,76,4%,10,Mathematics,,,
addable.taxi,available,76,2%,7,"Engineering,Mathematics,Science",,,
thousandth.taxi,available,76,1%,10,Mathematics,,,
resultant.taxi,available,76,2%,9,"Healthcare,Insurance,Transportation",,,
hundredth.taxi,available,76,1%,9,Mathematics,,,
obscene.taxi,available,76,5%,7,"Entertainment,Media",,,
energizing.taxi,available,76,3%,10,"Food and Beverage,Health and Fitness,Travel",,,
threed.taxi,available,76,7%,7,Technology,,,
fifteenth.taxi,available,76,2%,9,Mathematics,,,
ventral.taxi,available,76,3%,7,Science,,,
incidental.taxi,available,76,4%,10,"Healthcare,Insurance,Transportation",,,
nineteenth.taxi,available,76,3%,10,Mathematics,,,
eighteen.taxi,available,76,7%,8,Mathematics,,,
auxiliary.taxi,available,76,7%,9,"Healthcare,Manufacturing,Technology",,,
adaptable.taxi,available,76,9%,9,"Business,Education,Technology",,,
adenoid.taxi,available,74,1%,7,"Health and Fitness,Medicine,Science",,,
adamant.taxi,available,74,14%,7,Religion,,,
supra.taxi,available,74,25%,5,"Medicine,Science",,,
single.taxi,expiring,74,19%,6,Sports,19/08/2015 16:00,19/08/2025 16:00,Tucows Domains Inc.
skilful.taxi,available,74,3%,7,"Education,Health and Fitness,Sports",,,
sensation.taxi,available,74,7%,9,"Entertainment,Media,Sports",,,
manageable.taxi,available,74,4%,10,"Business,Education,Technology",,,
realizable.taxi,available,74,1%,10,"Business,Education,Technology",,,
adrenergic.taxi,available,74,1%,10,"Education,Healthcare,Science",,,
accepting.taxi,available,74,3%,9,"Education,Healthcare",,,
broad.taxi,available,74,13%,5,"Entertainment,General,Media",,,
cleared.taxi,available,74,7%,7,"Healthcare,Law,Transportation",,,
adapted.taxi,available,74,6%,7,"Healthcare,Manufacturing,Technology",,,
activated.taxi,available,74,9%,9,"Healthcare,Manufacturing,Technology",,,
achievable.taxi,available,74,4%,10,"Business,Education,Technology",,,
admirable.taxi,available,74,5%,9,"Business,Education,Healthcare",,,
mavin.taxi,available,74,7%,5,"Entertainment,Fashion,Technology",,,
playing.taxi,available,74,12%,7,Entertainment,,,
aberrant.taxi,available,74,6%,8,"Medicine,Science",,,
acuate.taxi,available,74,2%,6,"Engineering,Medicine,Science",,,
abnormal.taxi,available,74,16%,8,"Medicine,Science",,,
trey.taxi,available,72,14%,4,Sports,,,
liv.taxi,available,72,27%,3,Mathematics,,,
trinity.taxi,available,72,18%,7,Religion,,,
adaptative.taxi,available,72,1%,10,"Business,Education,Technology",,,
deep.taxi,resell,72,41%,4,"Engineering,Mathematics,Science",01/02/2025 14:53,01/02/2026 14:53,Dynadot Inc
aching.taxi,available,72,4%,6,Healthcare,,,
ternary.taxi,available,72,7%,7,Mathematics,,,
absolutist.taxi,available,72,1%,10,"Humanities,Law,Politics",,,
improvize.taxi,available,72,1%,9,Entertainment,,,
ablaze.taxi,available,72,6%,6,Entertainment,,,
champion.taxi,available,72,28%,8,"Entertainment,Health and Fitness,Sports",,,
sixtieth.taxi,available,72,1%,8,Mathematics,,,
abloom.taxi,available,72,5%,6,Agriculture,,,
existent.taxi,available,72,3%,8,"Mathematics,Science",,,
accusative.taxi,available,72,0%,10,"Humanities,Law",,,
addicted.taxi,available,72,9%,8,Healthcare,,,
adonic.taxi,available,72,2%,6,"Arts,Education,Entertainment",,,
accustomed.taxi,available,72,1%,10,"Business,Education,Humanities",,,
abreast.taxi,available,72,2%,7,"Business,Technology",,,
seventieth.taxi,available,72,1%,10,Mathematics,,,
absorbed.taxi,available,72,2%,8,"Entertainment,Media,Technology",,,
adiabatic.taxi,available,72,3%,9,"Engineering,Science",,,
ninetieth.taxi,available,72,1%,9,Mathematics,,,
eightieth.taxi,available,72,1%,9,Mathematics,,,
lovely.taxi,available,72,26%,6,"Entertainment,Fashion,Retail",,,
adjectival.taxi,available,72,1%,10,Education,,,
adjunctive.taxi,available,72,1%,10,"Healthcare,Manufacturing,Technology",,,
engrossed.taxi,available,72,1%,9,"Entertainment,Media,Technology",,,
unity.taxi,available,70,40%,5,Mathematics,,,
adjusted.taxi,available,70,5%,8,"Manufacturing,Retail,Technology",,,
accumbent.taxi,available,70,1%,9,"Healthcare,Medicine,Science",,,
skillful.taxi,available,70,9%,8,"Education,Health and Fitness,Sports",,,
gymnastic.taxi,available,70,3%,9,"Entertainment,Sports",,,
acuminate.taxi,available,70,1%,9,"Engineering,Medicine,Science",,,
lowdown.taxi,available,70,6%,8,"Entertainment,Media",,,
adamantine.taxi,available,70,4%,10,Religion,,,
consequent.taxi,available,70,3%,10,"Business,Education,General,Technology",,,
offhand.taxi,available,70,2%,7,Entertainment,,,
stillborn.taxi,available,70,2%,9,"Medicine,Science",,,
absorbing.taxi,available,70,3%,9,"Entertainment,Media,Technology",,,
abradant.taxi,available,70,1%,8,"Construction,Manufacturing",,,
admired.taxi,available,70,5%,7,"Business,Education,Healthcare",,,
recumbent.taxi,available,70,2%,9,"Healthcare,Medicine,Science",,,
miserable.taxi,available,70,4%,9,Humanities,,,
adored.taxi,available,70,6%,6,"Entertainment,Fashion,Retail",,,
tiptop.taxi,available,70,24%,6,Fashion,,,
practiced.taxi,available,70,3%,9,"Education,Health and Fitness,Sports",,,
abulic.taxi,available,70,1%,6,Medicine,,,
octonary.taxi,available,68,1%,8,Mathematics,,,
ane.taxi,available,68,12%,3,Mathematics,,,
aberdonian.taxi,available,68,1%,10,Geography,,,
threesome.taxi,available,68,5%,9,Entertainment,,,
scurvy.taxi,available,68,3%,6,Humanities,,,
disciple.taxi,available,68,14%,8,"Education,Religion",,,
licenced.taxi,available,68,2%,8,"Business,Healthcare,Insurance",,,
sevener.taxi,available,68,1%,7,Mathematics,,,
achaian.taxi,available,68,2%,7,Humanities,,,
decorated.taxi,available,68,3%,9,"Entertainment,Fashion,Retail",,,
overseas.taxi,available,68,12%,8,"Hospitality,Travel",,,
ablative.taxi,available,68,3%,8,Science,,,
fortieth.taxi,available,68,0%,8,Mathematics,,,
thirtieth.taxi,available,68,1%,9,Mathematics,,,
aroused.taxi,available,68,3%,7,"Entertainment,Health and Fitness",,,
ennead.taxi,available,68,5%,6,Mathematics,,,
abnaki.taxi,available,68,1%,6,Geography,,,
licensed.taxi,available,68,5%,8,"Business,Healthcare,Insurance",,,
aculeate.taxi,available,68,1%,8,"Engineering,Medicine,Science",,,
stygian.taxi,available,68,5%,7,Humanities,,,
accredited.taxi,available,68,9%,10,"Business,Education,Healthcare",,,
achaean.taxi,available,68,2%,7,Humanities,,,
abducent.taxi,available,68,0%,8,Medicine,,,
abkhas.taxi,available,68,0%,6,Geography,,,
acerate.taxi,available,68,1%,7,Science,,,
activating.taxi,available,68,3%,10,"Healthcare,Manufacturing,Technology",,,
vindicated.taxi,available,68,2%,10,"Humanities,Law,Politics",,,
septenary.taxi,available,68,1%,9,Mathematics,,,
fiftieth.taxi,available,68,0%,8,Mathematics,,,
foursome.taxi,available,68,4%,8,Sports,,,
acrobatic.taxi,available,66,4%,9,"Entertainment,Sports",,,
xxi.taxi,available,66,10%,3,Mathematics,,,
onec.taxi,available,66,6%,5,Mathematics,,,
xiii.taxi,available,66,9%,4,Mathematics,,,
abstinent.taxi,available,66,1%,9,"Health and Fitness,Religion",,,
xxvi.taxi,available,66,3%,4,Mathematics,,,
exonerated.taxi,available,66,2%,10,"Humanities,Law,Politics",,,
century.taxi,available,66,17%,7,Education,,,
eighty.taxi,available,66,6%,6,Mathematics,,,
ninety.taxi,available,66,11%,6,Mathematics,,,
xvi.taxi,available,66,5%,3,Mathematics,,,
sextet.taxi,available,66,1%,6,Entertainment,,,
deuce.taxi,available,66,9%,5,Sports,,,
acervate.taxi,available,66,1%,8,Science,,,
adorned.taxi,available,66,5%,7,"Entertainment,Fashion,Retail",,,
fifty.taxi,available,66,12%,5,Mathematics,,,
thirty.taxi,available,66,8%,6,Mathematics,,,
five.taxi,available,66,26%,4,Mathematics,,,
adopted.taxi,available,66,4%,7,"Education,Healthcare",,,
performing.taxi,available,66,6%,10,Entertainment,,,
six.taxi,available,66,26%,3,Mathematics,,,
xxii.taxi,available,66,6%,4,Mathematics,,,
four.taxi,available,66,27%,4,Mathematics,,,
accessary.taxi,available,66,1%,9,"Business,Law,Technology",,,
maven.taxi,available,66,30%,5,"Entertainment,Fashion,Technology",,,
xii.taxi,available,66,10%,3,Mathematics,,,
clv.taxi,available,66,10%,3,Mathematics,,,
xvii.taxi,available,66,5%,4,Mathematics,,,
teenager.taxi,available,66,4%,8,"Education,Entertainment,Healthcare",,,
modish.taxi,available,66,5%,6,Fashion,,,
xviii.taxi,available,66,5%,5,Mathematics,,,
according.taxi,available,66,3%,9,"Business,Education,Technology",,,
latest.taxi,available,66,18%,6,Technology,,,
tenner.taxi,available,66,5%,6,Finance,,,
buzzing.taxi,available,66,7%,7,"Entertainment,Media,Technology",,,
xxv.taxi,available,66,6%,3,Mathematics,,,
acappella.taxi,available,66,6%,10,Entertainment,,,
deviant.taxi,available,64,12%,7,"Medicine,Science",,,
scatty.taxi,available,64,1%,6,"Arts,Entertainment,Media",,,
accordant.taxi,available,64,3%,9,"Arts,Entertainment",,,
absolved.taxi,available,64,1%,8,"Humanities,Law,Religion",,,
ccc.taxi,available,64,38%,3,Mathematics,,,
nondrinker.taxi,available,64,1%,10,"Health and Fitness,Religion",,,
adagio.taxi,available,64,14%,6,Entertainment,,,
astringent.taxi,available,64,1%,10,"Healthcare,Pharmaceuticals",,,
rising.taxi,available,64,18%,6,"Construction,Manufacturing,Real Estate",,,
aflame.taxi,available,64,3%,6,Entertainment,,,
acentric.taxi,available,64,2%,8,Science,,,
eighteenth.taxi,available,62,1%,10,Mathematics,,,
accrued.taxi,available,62,2%,7,"Banking,Finance,Insurance",,,
pungent.taxi,available,62,1%,7,Food and Beverage,,,
wrapped.taxi,available,62,13%,7,"Fashion,Hospitality,Retail",,,
eleventh.taxi,available,62,5%,8,Mathematics,,,
adoptive.taxi,available,62,1%,8,"Education,Healthcare",,,
ensuant.taxi,available,62,1%,7,"Healthcare,Insurance,Transportation",,,
longdozen.taxi,available,62,2%,10,Mathematics,,,
roughly.taxi,available,62,3%,7,"Business,Media,Technology",,,
cumulative.taxi,available,62,2%,10,"Banking,Finance,Insurance",,,
accusing.taxi,available,62,1%,8,Law,,,
aufait.taxi,available,62,3%,7,"Fashion,Media",,,
abo.taxi,available,62,15%,3,Science,,,
admissible.taxi,available,62,1%,10,"Education,Healthcare,Law",,,
chiliad.taxi,available,62,2%,7,Mathematics,,,
aborigine.taxi,available,62,1%,9,Humanities,,,
acidic.taxi,available,62,5%,6,"Food and Beverage,Science",,,
nail.taxi,available,62,16%,4,"Construction,Fashion,General,Retail",,,
activistic.taxi,available,62,1%,10,"Humanities,Politics",,,
troika.taxi,available,62,8%,6,Politics,,,
exculpated.taxi,available,62,1%,10,"Humanities,Law,Politics",,,
quartet.taxi,available,62,7%,7,"Arts,Entertainment",,,
twodozen.taxi,available,62,1%,9,Mathematics,,,
fortyfour.taxi,available,62,6%,10,Mathematics,,,
activation.taxi,available,62,16%,10,"Healthcare,Manufacturing,Technology",,,
sixteenth.taxi,available,62,1%,9,Mathematics,,,
orso.taxi,available,62,9%,5,"Business,Media,Technology",,,
adjuvant.taxi,available,62,5%,8,"Healthcare,Manufacturing,Technology",,,
playacting.taxi,available,62,1%,10,Entertainment,,,
abstainer.taxi,available,60,0%,9,"Health and Fitness,Religion",,,
cxxxv.taxi,available,60,2%,5,Mathematics,,,
abstemious.taxi,available,60,0%,10,"Food and Beverage,Health and Fitness,Hospitality",,,
tertiary.taxi,available,60,4%,8,Education,,,
adnexal.taxi,available,60,1%,7,"Agriculture,Manufacturing,Retail",,,
clxxx.taxi,available,60,1%,5,Mathematics,,,
annexal.taxi,available,60,1%,7,"Agriculture,Manufacturing,Retail",,,
clxv.taxi,available,60,1%,4,Mathematics,,,
clxx.taxi,available,60,3%,4,Mathematics,,,
clxxv.taxi,available,60,1%,5,Mathematics,,,
idolised.taxi,available,60,1%,8,"Entertainment,Fashion,Retail",,,
adnate.taxi,available,60,1%,6,"Agriculture,Manufacturing,Retail",,,
cxxv.taxi,available,60,1%,4,Mathematics,,,
xcl.taxi,available,60,5%,3,Mathematics,,,
thou.taxi,available,60,7%,4,Mathematics,,,
cxxx.taxi,available,60,4%,4,Mathematics,,,
cxl.taxi,available,60,7%,3,Mathematics,,,
acceptive.taxi,available,60,1%,9,"Education,Healthcare",,,
cautionary.taxi,available,60,1%,10,"Business,Education,Healthcare",,,
cxlv.taxi,available,60,2%,4,Mathematics,,,
sixty.taxi,available,60,13%,5,Mathematics,,,
abashed.taxi,available,60,1%,7,Humanities,,,
aboveboard.taxi,available,60,5%,10,"Business,Law",,,
octet.taxi,available,60,12%,5,Arts,,,
clx.taxi,available,60,10%,3,Mathematics,,,
cxv.taxi,available,60,4%,3,Mathematics,,,
cxx.taxi,available,60,10%,3,Mathematics,,,
eightysix.taxi,available,60,7%,10,Mathematics,,,
paunchy.taxi,available,60,0%,7,"Health and Fitness,Medicine",,,
idolized.taxi,available,60,3%,8,"Entertainment,Fashion,Retail",,,
tercet.taxi,available,59,2%,6,"Arts,Entertainment,Media",,,
enwrapped.taxi,available,58,0%,9,"Entertainment,Fashion,Media",,,
justabout.taxi,available,58,3%,10,"Business,Media,Technology",,,
alacarte.taxi,available,58,11%,10,Food and Beverage,,,
eighter.taxi,available,58,2%,7,Mathematics,,,
tetrad.taxi,available,58,5%,6,Mathematics,,,
linear.taxi,available,58,22%,6,"Engineering,Mathematics,Science",,,
lxxviii.taxi,available,58,1%,7,Mathematics,,,
fourth.taxi,available,58,13%,6,Mathematics,,,
actuarial.taxi,available,58,8%,9,"Finance,Insurance,Mathematics",,,
seventy.taxi,available,58,7%,7,Mathematics,,,
sextuplet.taxi,available,58,1%,9,Healthcare,,,
offhanded.taxi,available,58,1%,9,Entertainment,,,
cypher.taxi,available,58,29%,6,Mathematics,,,
centesimal.taxi,available,58,1%,10,Mathematics,,,
twelfth.taxi,available,58,2%,7,Mathematics,,,
sixtyone.taxi,available,58,3%,9,Mathematics,,,
adjustive.taxi,available,58,1%,9,"Manufacturing,Retail,Technology",,,
abridged.taxi,available,58,4%,8,Media,,,
niner.taxi,available,58,5%,5,Mathematics,,,
lxxx.taxi,available,58,2%,4,Mathematics,,,
adhoc.taxi,available,58,24%,6,"Business,Engineering,Technology",,,
abuzz.taxi,available,58,5%,5,"Entertainment,Media,Technology",,,
abused.taxi,available,58,5%,6,"Healthcare,Law",,,
fourscore.taxi,available,58,4%,9,Mathematics,,,
acetic.taxi,available,58,1%,6,"Food and Beverage,Science",,,
aucourant.taxi,available,58,3%,10,"Fashion,Media",,,
addible.taxi,available,58,2%,7,"Engineering,Mathematics,Science",,,
addressed.taxi,available,58,3%,9,"Business,Technology,Telecommunications",,,
heptad.taxi,available,58,1%,6,Mathematics,,,
abandoned.taxi,available,58,10%,9,"Construction,Real Estate",,,
closeto.taxi,available,58,3%,8,"Business,Media,Technology",,,
sixer.taxi,available,58,5%,5,Sports,,,
accented.taxi,available,58,3%,8,"Arts,Entertainment",,,
octad.taxi,available,58,5%,5,Mathematics,,,
accoutred.taxi,available,58,1%,9,"Fashion,Manufacturing,Retail",,,
quintet.taxi,available,58,8%,7,"Arts,Entertainment",,,
fifth.taxi,available,58,12%,5,Mathematics,,,
ache.taxi,available,58,7%,4,Healthcare,,,
super.taxi,resell,58,47%,5,Business,23/12/2018 08:57,23/12/2025 08:57,"NameCheap, Inc."
acyclic.taxi,available,58,4%,7,"Engineering,Mathematics,Science",,,
adient.taxi,available,58,4%,6,"Medicine,Science",,,
pentad.taxi,available,58,2%,6,Mathematics,,,
hexad.taxi,available,58,4%,5,Mathematics,,,
accretive.taxi,available,58,6%,9,"Banking,Finance,Insurance",,,
lvi.taxi,available,56,8%,3,Mathematics,,,
xxiii.taxi,available,56,5%,5,Mathematics,,,
accoutered.taxi,available,56,0%,10,"Fashion,Manufacturing,Retail",,,
xxxiii.taxi,available,56,2%,6,Mathematics,,,
thirtytwo.taxi,available,56,5%,10,Mathematics,,,
admittible.taxi,available,56,1%,10,"Education,Healthcare,Hospitality",,,
thirtyone.taxi,available,56,5%,10,Mathematics,,,
appressed.taxi,available,56,0%,9,"Agriculture,Manufacturing,Retail",,,
fiftyone.taxi,available,56,7%,9,Mathematics,,,
xlv.taxi,available,56,6%,3,Mathematics,,,
addled.taxi,available,56,2%,6,Entertainment,,,
aone.taxi,available,56,15%,5,Food and Beverage,,,
triad.taxi,available,56,15%,5,Arts,,,
xlviii.taxi,available,56,1%,6,Mathematics,,,
fortytwo.taxi,available,56,17%,9,Mathematics,,,
fortyone.taxi,available,56,4%,9,Mathematics,,,
fortynine.taxi,available,56,3%,10,Mathematics,,,
admittable.taxi,available,56,1%,10,"Education,Healthcare,Hospitality",,,
halfdozen.taxi,available,56,1%,10,Mathematics,,,
lvii.taxi,available,56,1%,4,Mathematics,,,
xxxi.taxi,available,56,9%,4,Mathematics,,,
fiftytwo.taxi,available,56,6%,9,Mathematics,,,
lii.taxi,available,56,7%,3,Mathematics,,,
xxxvii.taxi,available,56,2%,6,Mathematics,,,
liii.taxi,available,56,4%,4,Mathematics,,,
xxxvi.taxi,available,56,1%,5,Mathematics,,,
xlvii.taxi,available,56,2%,5,Mathematics,,,
xliii.taxi,available,56,1%,5,Mathematics,,,
fiftyfive.taxi,available,56,7%,10,Mathematics,,,
abdominous.taxi,available,56,0%,10,"Health and Fitness,Medicine",,,
xxxiv.taxi,available,56,1%,5,Mathematics,,,
fiftysix.taxi,available,56,4%,9,Mathematics,,,
potbellied.taxi,available,56,0%,10,"Health and Fitness,Medicine",,,
xxvii.taxi,available,56,3%,5,Mathematics,,,
xxxii.taxi,available,56,1%,5,Mathematics,,,
xxix.taxi,available,56,4%,4,Mathematics,,,
fiftynine.taxi,available,56,4%,10,Mathematics,,,
xxxv.taxi,available,56,4%,4,Mathematics,,,
fiftyfour.taxi,available,56,3%,10,Mathematics,,,
xliv.taxi,available,56,2%,4,Mathematics,,,
xlii.taxi,available,56,5%,4,Mathematics,,,
xxiv.taxi,available,56,5%,4,Mathematics,,,
xxviii.taxi,available,56,1%,6,Mathematics,,,
abeyant.taxi,available,56,1%,7,"Business,Law",,,
xxxviii.taxi,available,56,1%,7,Mathematics,,,
lviii.taxi,available,56,1%,5,Mathematics,,,
maledict.taxi,available,56,1%,8,Religion,,,
xlvi.taxi,available,56,3%,4,Mathematics,,,
admissive.taxi,available,56,1%,9,"Education,Healthcare,Hospitality",,,
thirtysix.taxi,available,56,5%,10,Mathematics,,,
ilx.taxi,available,56,5%,3,Mathematics,,,
xli.taxi,available,56,5%,3,Mathematics,,,
terzetto.taxi,available,56,3%,8,Arts,,,
fortysix.taxi,available,56,3%,9,Mathematics,,,
adpressed.taxi,available,54,0%,9,"Agriculture,Manufacturing,Retail",,,
achy.taxi,available,54,3%,4,Healthcare,,,
accursed.taxi,available,54,3%,8,"Entertainment,Media,Religion",,,
adjuratory.taxi,available,54,0%,10,"Law,Politics,Religion",,,
scratchy.taxi,available,54,3%,8,Fashion,,,
abatable.taxi,available,54,1%,8,Law,,,
quintuplet.taxi,available,54,1%,10,"Healthcare,Medicine,Science",,,
acoustical.taxi,available,54,4%,10,Science,,,
deuceace.taxi,available,54,2%,9,Sports,,,
threescore.taxi,available,54,1%,10,Mathematics,,,
topnotch.taxi,available,54,18%,8,Business,,,
iii.taxi,available,54,24%,3,Mathematics,,,
abducens.taxi,available,54,1%,8,Medicine,,,
fortyfive.taxi,available,54,4%,10,Mathematics,,,
aboral.taxi,available,54,2%,6,Science,,,
monitory.taxi,available,54,3%,8,"Business,Education,Healthcare",,,
quadruplet.taxi,available,54,1%,10,"Healthcare,Medicine,Science",,,
abatic.taxi,available,54,1%,6,Science,,,
deserted.taxi,available,54,3%,8,"Hospitality,Real Estate",,,
ternion.taxi,available,54,3%,7,Mathematics,,,
abient.taxi,available,54,1%,6,Science,,,
quaternity.taxi,available,54,4%,10,Mathematics,,,
adaxial.taxi,available,54,2%,7,Science,,,
accentual.taxi,available,54,3%,9,"Arts,Entertainment",,,
quatern.taxi,available,54,2%,7,Mathematics,,,
actuated.taxi,available,54,2%,8,"Automotive,Manufacturing,Technology",,,
twoscore.taxi,available,54,2%,8,Mathematics,,,
fin.taxi,resell,54,30%,3,Finance,22/07/2024 17:00,22/07/2026 17:00,Domain Science Kutatási Szolgáltató Korlátolt Felelősségű Társaság
adducting.taxi,available,54,1%,9,"Engineering,Mathematics,Science",,,
abasic.taxi,available,54,1%,6,Science,,,
adducent.taxi,available,54,1%,8,"Engineering,Mathematics,Science",,,
achromatic.taxi,available,54,4%,10,Science,,,
vii.taxi,available,54,13%,3,Mathematics,,,
unnatural.taxi,available,54,4%,9,"Medicine,Science",,,
quaternion.taxi,available,54,6%,10,Mathematics,,,
adductive.taxi,available,54,0%,9,"Engineering,Mathematics,Science",,,
admonitory.taxi,available,54,0%,10,"Business,Education,Healthcare",,,
sise.taxi,available,54,5%,4,Mathematics,,,
viii.taxi,available,54,6%,4,Mathematics,,,
abhorrent.taxi,available,54,1%,9,Humanities,,,
abaxial.taxi,available,54,1%,7,Science,,,
sestet.taxi,available,53,1%,6,Arts,,,
xxx.taxi,resell,53,30%,3,"Arts,Entertainment,Media",01/02/2025 07:20,01/02/2026 07:20,Dynadot Inc
septet.taxi,available,53,1%,6,General,,,
lxxxii.taxi,available,52,1%,6,Mathematics,,,
lxii.taxi,available,52,1%,4,Mathematics,,,
lxiii.taxi,available,52,2%,5,Mathematics,,,
xcii.taxi,available,52,2%,4,Mathematics,,,
lxxxi.taxi,available,52,1%,5,Mathematics,,,
lxxxv.taxi,available,52,1%,5,Mathematics,,,
xciii.taxi,available,52,1%,5,Mathematics,,,
ablated.taxi,available,52,1%,7,Science,,,
abysmal.taxi,available,52,4%,7,"Arts,Entertainment,Media",,,
repulsive.taxi,available,52,1%,9,Humanities,,,
ixl.taxi,available,52,9%,3,Mathematics,,,
lxxxvii.taxi,available,52,1%,7,Mathematics,,,
lxxxvi.taxi,available,52,1%,6,Mathematics,,,
xcviii.taxi,available,52,1%,6,Mathematics,,,
lxiv.taxi,available,52,3%,4,Mathematics,,,
xci.taxi,available,52,4%,3,Mathematics,,,
lxv.taxi,available,52,5%,3,Mathematics,,,
lxxii.taxi,available,52,1%,5,Mathematics,,,
sixtyfive.taxi,available,52,3%,10,Mathematics,,,
sixtysix.taxi,available,52,4%,9,Mathematics,,,
lxxiv.taxi,available,52,1%,5,Mathematics,,,
lxxv.taxi,available,52,1%,4,Mathematics,,,
decumbent.taxi,available,52,1%,9,"Healthcare,Medicine,Science",,,
lxi.taxi,available,52,5%,3,Mathematics,,,
xcv.taxi,available,52,7%,3,Mathematics,,,
xcvi.taxi,available,52,2%,4,Mathematics,,,
lxxxiv.taxi,available,52,1%,6,Mathematics,,,
sixtyfour.taxi,available,52,3%,10,Mathematics,,,
lxxiii.taxi,available,52,1%,6,Mathematics,,,
abstruse.taxi,available,52,5%,8,"Humanities,Mathematics,Science",,,
tierce.taxi,available,52,3%,6,General,,,
aboulic.taxi,available,52,1%,7,Medicine,,,
eightytwo.taxi,available,52,4%,10,Mathematics,,,
ixc.taxi,available,52,5%,3,Mathematics,,,
abusive.taxi,available,52,3%,7,"Healthcare,Law",,,
littlejoe.taxi,available,52,2%,10,"Entertainment,Media",,,
adenoidal.taxi,available,52,1%,9,"Health and Fitness,Medicine,Science",,,
detestable.taxi,available,52,1%,10,Humanities,,,
lxvi.taxi,available,52,3%,4,Mathematics,,,
lxxi.taxi,available,52,1%,4,Mathematics,,,
ninetysix.taxi,available,52,4%,10,Mathematics,,,
lxvii.taxi,available,52,1%,5,Mathematics,,,
lxxxiii.taxi,available,52,1%,7,Mathematics,,,
chagrined.taxi,available,52,1%,9,Humanities,,,
uphill.taxi,available,52,7%,6,"Sports,Transportation,Travel",,,
eightyone.taxi,available,52,3%,10,Mathematics,,,
lxxvii.taxi,available,52,2%,6,Mathematics,,,
lxxvi.taxi,available,52,1%,5,Mathematics,,,
ninetytwo.taxi,available,52,4%,10,Mathematics,,,
xciv.taxi,available,52,2%,4,Mathematics,,,
ninetyone.taxi,available,52,5%,10,Mathematics,,,
xcvii.taxi,available,52,1%,5,Mathematics,,,
repugnant.taxi,available,52,1%,9,Humanities,,,
sixtytwo.taxi,available,52,3%,9,Mathematics,,,
abominable.taxi,available,52,2%,10,"Entertainment,Humanities",,,
lxviii.taxi,available,52,1%,6,Mathematics,,,
odious.taxi,available,52,2%,6,"Entertainment,Humanities",,,
adactylous.taxi,available,50,0%,10,Science,,,
acapnotic.taxi,available,50,0%,9,"Healthcare,Medicine,Science",,,
needlelike.taxi,available,50,0%,10,"Engineering,Medicine,Science",,,
abducting.taxi,available,50,0%,9,Medicine,,,
aborticide.taxi,available,50,0%,10,Medicine,,,
spinous.taxi,available,50,1%,7,"Agriculture,Science",,,
abranchial.taxi,available,50,0%,10,Science,,,
acerbic.taxi,available,50,2%,7,"Arts,Humanities,Media",,,
acetose.taxi,available,50,1%,7,Science,,,
abbatial.taxi,available,50,0%,8,Religion,,,
trine.taxi,available,50,11%,5,"General,Religion",,,
acquitted.taxi,available,50,1%,9,Law,,,
broached.taxi,available,50,0%,8,Food and Beverage,,,
aculeated.taxi,available,50,0%,9,"Engineering,Medicine,Science",,,
acerb.taxi,available,50,2%,5,Science,,,
scummy.taxi,available,50,1%,6,Humanities,,,
acetous.taxi,available,50,1%,7,Science,,,
abdicable.taxi,available,50,0%,9,Law,,,
vinegary.taxi,available,50,1%,8,Food and Beverage,,,
lxx.taxi,available,50,5%,3,Mathematics,,,
ogdoad.taxi,available,50,1%,6,Mathematics,,,
adhominem.taxi,available,50,2%,10,"Humanities,Law,Politics",,,
triplet.taxi,available,50,8%,7,Science,,,
acellular.taxi,available,50,1%,9,Science,,,
acerose.taxi,available,50,1%,7,Science,,,
cinque.taxi,available,50,7%,6,Mathematics,,,
abactinal.taxi,available,50,0%,9,Science,,,
quint.taxi,available,50,13%,5,"Arts,Entertainment",,,
acapnic.taxi,available,50,0%,7,"Healthcare,Medicine,Science",,,
acaudal.taxi,available,50,1%,7,"Agriculture,Science",,,
gillless.taxi,available,50,0%,9,Science,,,
abomasal.taxi,available,50,0%,8,Agriculture,,,
abstracted.taxi,available,48,5%,10,"Arts,Humanities,Science",,,
apriori.taxi,available,48,13%,8,Mathematics,,,
execrable.taxi,available,48,0%,9,"Entertainment,Humanities",,,
ilxx.taxi,available,48,1%,4,Mathematics,,,
lxxxviii.taxi,available,48,1%,8,Mathematics,,,
ilxxx.taxi,available,48,1%,5,Mathematics,,,
notguilty.taxi,available,48,5%,10,Law,,,
abyssal.taxi,available,48,12%,7,"Arts,Entertainment,Media",,,
acheronian.taxi,available,46,1%,10,Humanities,,,
acetabular.taxi,available,46,1%,10,Science,,,
acetylic.taxi,available,46,1%,8,Science,,,
acaudate.taxi,available,46,1%,8,"Agriculture,Science",,,
achenial.taxi,available,46,1%,8,Science,,,
acetylenic.taxi,available,46,1%,10,Science,,,
achromous.taxi,available,46,1%,9,Science,,,
cotyloid.taxi,available,46,1%,8,Science,,,
quaternary.taxi,available,46,3%,10,Mathematics,,,
acarpelous.taxi,available,46,0%,10,"Agriculture,Science",,,
acapnial.taxi,available,46,0%,8,"Healthcare,Medicine,Science",,,
acanthotic.taxi,available,46,0%,10,"Agriculture,Science",,,
acicular.taxi,available,46,2%,8,Science,,,
acanthous.taxi,available,46,0%,9,"Agriculture,Science",,,
acarpous.taxi,available,46,0%,8,"Agriculture,Science",,,
acephalous.taxi,available,46,1%,10,Science,,,
vinegarish.taxi,available,46,1%,10,Food and Beverage,,,
stemless.taxi,available,46,2%,8,"Agriculture,Science",,,
acetonic.taxi,available,46,1%,8,Science,,,
acanthoid.taxi,available,46,1%,9,"Agriculture,Science",,,
achromic.taxi,available,46,2%,8,Science,,,
stripling.taxi,available,46,2%,9,"Education,Entertainment,Healthcare",,,
theabsurd.taxi,available,46,1%,10,"Arts,Entertainment,Media",,,
accusatory.taxi,available,44,1%,10,Law,,,
acherontic.taxi,available,44,1%,10,Humanities,,,
cotyloidal.taxi,available,44,1%,10,Science,,,
phoebe.taxi,available,41,14%,6,Science,,,
abscessed.taxi,available,41,0%,9,Healthcare,,,
accurst.taxi,available,40,1%,7,Religion,,,
scurrilous.taxi,available,40,1%,10,"Entertainment,Media,Politics",,,
accusive.taxi,available,40,1%,8,Law,,,